<?xml version="1.0" encoding="UTF-8"?>
<project-private xmlns="http://www.netbeans.org/ns/project-private/1">
    <editor-bookmarks xmlns="http://www.netbeans.org/ns/editor-bookmarks/2" lastBookmarkId="0"/>
    <open-files xmlns="http://www.netbeans.org/ns/projectui-open-files/2">
        <group>
            <file>file:/home/daniel/NetBeansProjects/AppABBAVL/src/principal/Main.java</file>
            <file>file:/home/daniel/NetBeansProjects/AppABBAVL/src/model/Nodo.java</file>
            <file>file:/home/daniel/NetBeansProjects/AppABBAVL/src/model/ABB.java</file>
            <file>file:/home/daniel/NetBeansProjects/AppABBAVL/src/model/AVL.java</file>
            <file>file:/home/daniel/NetBeansProjects/AppABBAVL/src/controller/Controlador.java</file>
            <file>file:/home/daniel/NetBeansProjects/AppABBAVL/src/view/Vista.java</file>
        </group>
    </open-files>
</project-private>
